species,filename,species2,filename2
21,picvoice21.JPG,21,picvoice21.WAV
22,picvoice22.JPG,22,picvoice22.WAV
23,picvoice23.JPG,23,picvoice23.WAV
24,picvoice24.JPG,24,picvoice24.WAV
25,picvoice25.JPG,25,picvoice25.WAV
26,picvoice26.JPG,26,picvoice26.WAV
27,picvoice27.JPG,27,picvoice27.WAV
28,picvoice28.JPG,28,picvoice28.WAV
29,picvoice29.JPG,29,picvoice29.WAV
30,picvoice30.JPG,30,picvoice30.WAV
31,picvoice31.JPG,31,picvoice31.WAV
32,picvoice32.JPG,32,picvoice32.WAV
33,picvoice33.JPG,33,picvoice33.WAV
34,picvoice34.JPG,34,picvoice34.WAV
35,picvoice35.JPG,35,picvoice35.WAV
36,picvoice36.JPG,36,picvoice36.WAV
37,picvoice37.JPG,37,picvoice37.WAV
38,picvoice38.JPG,38,picvoice38.WAV
39,picvoice39.JPG,39,picvoice39.WAV
40,picvoice40.JPG,40,picvoice40.WAV
81,picvoice81.JPG,81,picvoice81.WAV
82,picvoice82.JPG,82,picvoice82.WAV
83,picvoice83.JPG,83,picvoice83.WAV
84,picvoice84.JPG,84,picvoice84.WAV
85,picvoice85.JPG,85,picvoice85.WAV
41,picvoice41.JPG,42,picvoice42.WAV
42,picvoice42.JPG,41,picvoice41.WAV
43,picvoice43.JPG,44,picvoice44.WAV
44,picvoice44.JPG,43,picvoice43.WAV
45,picvoice45.JPG,46,picvoice46.WAV
46,picvoice46.JPG,45,picvoice45.WAV
47,picvoice47.JPG,48,picvoice48.WAV
48,picvoice48.JPG,47,picvoice47.WAV
49,picvoice49.JPG,50,picvoice50.WAV
50,picvoice50.JPG,49,picvoice49.WAV
51,picvoice51.JPG,52,picvoice52.WAV
52,picvoice52.JPG,51,picvoice51.WAV
53,picvoice53.JPG,54,picvoice54.WAV
54,picvoice54.JPG,53,picvoice53.WAV
55,picvoice55.JPG,56,picvoice56.WAV
56,picvoice56.JPG,55,picvoice55.WAV
57,picvoice57.JPG,58,picvoice58.WAV
58,picvoice58.JPG,57,picvoice57.WAV
59,picvoice59.JPG,60,picvoice60.WAV
60,picvoice60.JPG,59,picvoice59.WAV
96,picvoice96.JPG,95,picvoice95.WAV
97,picvoice97.JPG,98,picvoice98.WAV
98,picvoice98.JPG,97,picvoice97.WAV
99,picvoice99.JPG,100,picvoice100.WAV
100,picvoice100.JPG,99,picvoice99.WAV